{
    "dataset": "cegedim_application_B_CPU_exp1",
    "target_col": "Total_Usage",
    "model_type": "Ensemble",
    "best_params": {
        "backward_window": 18,
        "forward_window": 24
    },
    "metrics": {
        "validation": {
            "MAE": 1.509535506536924,
            "RMSE": 1.8126531824638272,
            "SMAPE": 69.68333426770256,
            "MASE": 1.8078078314804726,
            "RMSSE": 0.9166752431141004,
            "R2": 0.6486045250120003,
            "NMAE": 0.5115079737184155,
            "NRMSE": 0.6142197731694296,
            "STD_ERRORS": 1.8069161763425015
        },
        "test": {
            "MAE": 1.2919200911396138,
            "RMSE": 1.6684038827470564,
            "SMAPE": 67.3806334993489,
            "MASE": 1.4680738353380867,
            "RMSSE": 0.8147195790576446,
            "R2": 0.48606890051439766,
            "NMAE": 0.5796075365433259,
            "NRMSE": 0.7485133725146461,
            "STD_ERRORS": 1.6679698851502358,
            "FIT_TIME_TOTAL": 56.95900595188141,
            "PREDICT_TIME_TOTAL": 56.95900595188141,
            "FIT_TIME_AVG": 0.25428127657089916,
            "PREDICT_TIME_AVG": 0.25428127657089916
        }
    }
}