{
    "FIT_TIME_TOTAL": 56.95900595188141,
    "PREDICT_TIME_TOTAL": 56.95900595188141,
    "FIT_TIME_AVG": 0.25428127657089916,
    "PREDICT_TIME_AVG": 0.25428127657089916
}