{
    "FIT_TIME_TOTAL": 0.0872492790222168,
    "PREDICT_TIME_TOTAL": 0.014792680740356445,
    "FIT_TIME_AVG": 0.0872492790222168,
    "PREDICT_TIME_AVG": 0.014792680740356445
}