{
    "dataset": "cegedim_application_A_CPU_exp1",
    "target_col": "Total_Usage",
    "model_type": "Ensemble",
    "best_params": {
        "backward_window": 37,
        "forward_window": 24
    },
    "metrics": {
        "validation": {
            "MAE": 2.7484449498156662,
            "RMSE": 3.373563922336928,
            "SMAPE": 67.86329376422336,
            "MASE": 1.0565713241618209,
            "RMSSE": 0.7035817521589246,
            "R2": 0.7718728233349256,
            "NMAE": 0.4044763255354499,
            "NRMSE": 0.49647228312043035,
            "STD_ERRORS": 3.3575855537093813
        },
        "test": {
            "MAE": 3.2569933107289315,
            "RMSE": 4.122234587502297,
            "SMAPE": 72.13676695133432,
            "MASE": 1.1920963018533683,
            "RMSSE": 0.8309522839164918,
            "R2": 0.6936534175112681,
            "NMAE": 0.4729934883751445,
            "NRMSE": 0.5986472588139929,
            "STD_ERRORS": 4.122160821303942,
            "FIT_TIME_TOTAL": 57.29112994670868,
            "PREDICT_TIME_TOTAL": 57.29112994670868,
            "FIT_TIME_AVG": 0.25576397297637804,
            "PREDICT_TIME_AVG": 0.25576397297637804
        }
    }
}