{
    "FIT_TIME_TOTAL": 57.29112994670868,
    "PREDICT_TIME_TOTAL": 57.29112994670868,
    "FIT_TIME_AVG": 0.25576397297637804,
    "PREDICT_TIME_AVG": 0.25576397297637804
}