{
    "dataset": "cegedim_application_B_RAM_exp1",
    "target_col": "Total_Usage",
    "model_type": "Ensemble",
    "best_params": {
        "backward_window": 25,
        "forward_window": 36
    },
    "metrics": {
        "validation": {
            "MAE": 46.386715358423956,
            "RMSE": 57.13492104895173,
            "SMAPE": 17.35582433642795,
            "MASE": 1.4401084128573995,
            "RMSSE": 0.7934732633806554,
            "R2": 0.6321108578743798,
            "NMAE": 0.16352561306669322,
            "NRMSE": 0.20141592091301694,
            "STD_ERRORS": 57.10319181031869
        },
        "test": {
            "MAE": 67.58659788676266,
            "RMSE": 87.5866703979982,
            "SMAPE": 19.80605742125952,
            "MASE": 2.1063664966108813,
            "RMSSE": 1.231733944842337,
            "R2": 0.1837235539462334,
            "NMAE": 0.18884477941395825,
            "NRMSE": 0.2447272975424108,
            "STD_ERRORS": 85.32508389351418,
            "FIT_TIME_TOTAL": 103.20964992046356,
            "PREDICT_TIME_TOTAL": 103.20964992046356,
            "FIT_TIME_AVG": 0.46075736571635517,
            "PREDICT_TIME_AVG": 0.46075736571635517
        }
    }
}