{
    "FIT_TIME_TOTAL": 103.20964992046356,
    "PREDICT_TIME_TOTAL": 103.20964992046356,
    "FIT_TIME_AVG": 0.46075736571635517,
    "PREDICT_TIME_AVG": 0.46075736571635517
}