{
  "namespace": "tcc-expsm-c-cpu-hv",
  "model_name": "ExponentialSmoothing",
  "dataset_slug": "c-cpu",
  "scaling_mode": "combined",
  "total_cycles": 337,
  "total_duration_seconds": 7569.7,
  "prediction_metrics": {
    "cpu": {
      "MAE": 0.03821581983383207,
      "RMSE": 0.047281490953582236,
      "R2": 0.6249605119257593,
      "BIAS": 0.0015239234610528968
    },
    "ram": {
      "MAE": 0.6681006682592671,
      "RMSE": 0.8783350771382178,
      "R2": 0.8839592728820778,
      "BIAS": 0.009419752356029114
    }
  },
  "operational_metrics": {
    "sla_cpu_violation_count": 27,
    "sla_cpu_violation_rate": 0.08011869436201781,
    "mtbv_cpu_seconds": 280.4,
    "sla_ram_violation_count": 247,
    "sla_ram_violation_rate": 0.7329376854599406,
    "mtbv_ram_seconds": 30.6,
    "overprovision_cpu_minutes": 1.0,
    "waste_ratio_cpu": 0.0119,
    "overprovision_ram_minutes": 20.25,
    "waste_ratio_ram": 0.2404,
    "oscillation_horizontal_count": 4,
    "oscillation_vertical_count": 3,
    "scale_up_horizontal_count": 3,
    "scale_down_horizontal_count": 3,
    "scale_up_vertical_count": 9,
    "scale_down_vertical_count": 9,
    "pod_restart_count": 18,
    "avg_replicas": 1.01,
    "avg_memory_mb": 7420.2,
    "refit_skip_count": 182,
    "avg_fit_time_cpu_seconds": 0.1609917436409809,
    "max_fit_time_cpu_seconds": 0.5963699410003755,
    "avg_predict_time_cpu_seconds": 0.006582914103873055,
    "max_predict_time_cpu_seconds": 0.03179165900019143,
    "avg_fit_time_ram_seconds": 0.22856999339759412,
    "max_fit_time_ram_seconds": 0.7914608350001799,
    "avg_predict_time_ram_seconds": 0.006799976329370845,
    "max_predict_time_ram_seconds": 0.07670621400029631
  }
}