{
    "dataset": "cegedim_application_C_RAM_exp1",
    "target_col": "Total_Usage",
    "model_type": "Ensemble",
    "best_params": {
        "backward_window": 34,
        "forward_window": 36
    },
    "metrics": {
        "validation": {
            "MAE": 0.534423208347949,
            "RMSE": 0.6167230991308709,
            "SMAPE": 11.234305736268658,
            "MASE": 1.7414355843084506,
            "RMSSE": 0.9349988698212084,
            "R2": -0.02464100896824961,
            "NMAE": 0.11056453498316259,
            "NRMSE": 0.12759120787356298,
            "STD_ERRORS": 0.5824974560429408
        },
        "test": {
            "MAE": 0.7139810593136722,
            "RMSE": 0.8412422150818352,
            "SMAPE": 14.174503722485671,
            "MASE": 2.3909456654889842,
            "RMSSE": 1.3653641978524937,
            "R2": -0.7681732424845618,
            "NMAE": 0.13614862345674328,
            "NRMSE": 0.16041597754314568,
            "STD_ERRORS": 0.6173662639472781,
            "FIT_TIME_TOTAL": 114.27541935443878,
            "PREDICT_TIME_TOTAL": 114.27541935443878,
            "FIT_TIME_AVG": 0.5101581221180302,
            "PREDICT_TIME_AVG": 0.5101581221180302
        }
    }
}