{
    "FIT_TIME_TOTAL": 114.27541935443878,
    "PREDICT_TIME_TOTAL": 114.27541935443878,
    "FIT_TIME_AVG": 0.5101581221180302,
    "PREDICT_TIME_AVG": 0.5101581221180302
}