{
    "FIT_TIME_TOTAL": 1.4308159351348877,
    "PREDICT_TIME_TOTAL": 0.06307339668273926,
    "FIT_TIME_AVG": 1.4308159351348877,
    "PREDICT_TIME_AVG": 0.06307339668273926
}