{
    "dataset": "cegedim_application_B_CPU_exp1",
    "target_col": "Total_Usage",
    "model_type": "Ensemble",
    "best_params": {
        "backward_window": 11,
        "forward_window": 24
    },
    "metrics": {
        "validation": {
            "MAE": 1.5752294608687596,
            "RMSE": 2.1082414588197653,
            "SMAPE": 65.81508059027362,
            "MASE": 1.8864823936936324,
            "RMSSE": 1.0661569297994486,
            "R2": 0.5246566440183367,
            "NMAE": 0.5337684514086137,
            "NRMSE": 0.7143802262617905,
            "STD_ERRORS": 1.8289483199225445
        },
        "test": {
            "MAE": 1.0715932753331232,
            "RMSE": 1.7154727254849438,
            "SMAPE": 49.41354259824317,
            "MASE": 1.2177053831967941,
            "RMSSE": 0.8377043659780644,
            "R2": 0.4566619118554692,
            "NMAE": 0.48076002745985996,
            "NRMSE": 0.7696303565869249,
            "STD_ERRORS": 1.6765340124637973,
            "FIT_TIME_TOTAL": 16.23794972896576,
            "PREDICT_TIME_TOTAL": 16.23794972896576,
            "FIT_TIME_AVG": 0.07249084700431142,
            "PREDICT_TIME_AVG": 0.07249084700431142
        }
    }
}