{
    "FIT_TIME_TOTAL": 16.23794972896576,
    "PREDICT_TIME_TOTAL": 16.23794972896576,
    "FIT_TIME_AVG": 0.07249084700431142,
    "PREDICT_TIME_AVG": 0.07249084700431142
}