{
    "dataset": "cegedim_application_C_RAM_exp1",
    "target_col": "Total_Usage",
    "model_type": "Ensemble",
    "best_params": {
        "backward_window": 28,
        "forward_window": 36
    },
    "metrics": {
        "validation": {
            "MAE": 0.20489805067920477,
            "RMSE": 0.27913598968296477,
            "SMAPE": 4.320369638094966,
            "MASE": 0.6676670306127301,
            "RMSSE": 0.423191275384049,
            "R2": 0.7900949085652402,
            "NMAE": 0.04239048255844651,
            "NRMSE": 0.05774925267891449,
            "STD_ERRORS": 0.2784282391772923
        },
        "test": {
            "MAE": 0.26852698019378723,
            "RMSE": 0.3641541060919981,
            "SMAPE": 5.213551679107169,
            "MASE": 0.899230324090598,
            "RMSSE": 0.591034270564543,
            "R2": 0.6686758288220214,
            "NMAE": 0.05120525010778841,
            "NRMSE": 0.0694403298572167,
            "STD_ERRORS": 0.35334772300379563,
            "FIT_TIME_TOTAL": 189.33886086940765,
            "PREDICT_TIME_TOTAL": 189.33886086940765,
            "FIT_TIME_AVG": 0.845262771738427,
            "PREDICT_TIME_AVG": 0.845262771738427
        }
    }
}