{
    "FIT_TIME_TOTAL": 189.33886086940765,
    "PREDICT_TIME_TOTAL": 189.33886086940765,
    "FIT_TIME_AVG": 0.845262771738427,
    "PREDICT_TIME_AVG": 0.845262771738427
}