{
    "dataset": "cegedim_application_C_CPU_exp1",
    "target_col": "Total_Usage",
    "model_type": "Ensemble",
    "best_params": {
        "backward_window": 27,
        "forward_window": 24
    },
    "metrics": {
        "validation": {
            "MAE": 0.007261638346089355,
            "RMSE": 0.009809753220363846,
            "SMAPE": 10.969384906382599,
            "MASE": 0.7419862926233692,
            "RMSSE": 0.6341848996316448,
            "R2": 0.6722667642865139,
            "NMAE": 0.10910019402626683,
            "NRMSE": 0.14738354193414993,
            "STD_ERRORS": 0.00980074634944178
        },
        "test": {
            "MAE": 0.009451373311981492,
            "RMSE": 0.013336362275419206,
            "SMAPE": 11.569445275283766,
            "MASE": 0.9706513234639815,
            "RMSSE": 0.8817119537430894,
            "R2": 0.3947863296499088,
            "NMAE": 0.11657451942303768,
            "NRMSE": 0.16449249985054104,
            "STD_ERRORS": 0.013330993131314322,
            "FIT_TIME_TOTAL": 95.93593060970306,
            "PREDICT_TIME_TOTAL": 95.93593060970306,
            "FIT_TIME_AVG": 0.32193265305269486,
            "PREDICT_TIME_AVG": 0.32193265305269486
        }
    }
}