{
    "FIT_TIME_TOTAL": 95.93593060970306,
    "PREDICT_TIME_TOTAL": 95.93593060970306,
    "FIT_TIME_AVG": 0.32193265305269486,
    "PREDICT_TIME_AVG": 0.32193265305269486
}