{
    "dataset": "cegedim_application_A_CPU_exp1",
    "target_col": "Total_Usage",
    "model_type": "Ensemble",
    "best_params": {
        "backward_window": 6,
        "forward_window": 24
    },
    "metrics": {
        "validation": {
            "MAE": 2.778622884200118,
            "RMSE": 3.3444865773666583,
            "SMAPE": 68.39999560573932,
            "MASE": 1.0681724806976967,
            "RMSSE": 0.6975174564190828,
            "R2": 0.7757884128009567,
            "NMAE": 0.4089174768901065,
            "NRMSE": 0.49219310057733806,
            "STD_ERRORS": 3.344246645365309
        },
        "test": {
            "MAE": 4.125546081612507,
            "RMSE": 5.543924018023062,
            "SMAPE": 95.78032449361199,
            "MASE": 1.5099964162699617,
            "RMSSE": 1.1175337615676608,
            "R2": 0.44590762611033075,
            "NMAE": 0.5991281671246615,
            "NRMSE": 0.8051106374500366,
            "STD_ERRORS": 5.212216308155352,
            "FIT_TIME_TOTAL": 33.895984530448914,
            "PREDICT_TIME_TOTAL": 33.895984530448914,
            "FIT_TIME_AVG": 0.15132135951093265,
            "PREDICT_TIME_AVG": 0.15132135951093265
        }
    }
}