{
    "FIT_TIME_TOTAL": 33.895984530448914,
    "PREDICT_TIME_TOTAL": 33.895984530448914,
    "FIT_TIME_AVG": 0.15132135951093265,
    "PREDICT_TIME_AVG": 0.15132135951093265
}