{
    "dataset": "cegedim_application_B_RAM_exp1",
    "target_col": "Total_Usage",
    "model_type": "FFT",
    "best_params": {
        "trend": null
    },
    "metrics": {
        "validation": {
            "MAE": 121.00317629506331,
            "RMSE": 144.78003868648244,
            "SMAPE": 45.78771171705369,
            "MASE": 3.756629259444688,
            "RMSSE": 2.0106633151818887,
            "R2": -1.3622784263485626,
            "NMAE": 0.42656865082545653,
            "NRMSE": 0.5103884679717274,
            "STD_ERRORS": 138.33808949077743
        },
        "test": {
            "MAE": 154.18612301883812,
            "RMSE": 176.51319353024178,
            "SMAPE": 54.98559638261382,
            "MASE": 4.805279358983884,
            "RMSSE": 2.48231027844498,
            "R2": -2.315244596028503,
            "NMAE": 0.4308138787954697,
            "NRMSE": 0.4931982987473389,
            "STD_ERRORS": 111.97504053730633,
            "FIT_TIME_TOTAL": 0.02895808219909668,
            "PREDICT_TIME_TOTAL": 0.003042459487915039,
            "FIT_TIME_AVG": 0.02895808219909668,
            "PREDICT_TIME_AVG": 0.003042459487915039
        }
    }
}