{
    "FIT_TIME_TOTAL": 0.02895808219909668,
    "PREDICT_TIME_TOTAL": 0.003042459487915039,
    "FIT_TIME_AVG": 0.02895808219909668,
    "PREDICT_TIME_AVG": 0.003042459487915039
}