{
    "FIT_TIME_TOTAL": 1.33607816696167,
    "PREDICT_TIME_TOTAL": 0.2597188949584961,
    "FIT_TIME_AVG": 1.33607816696167,
    "PREDICT_TIME_AVG": 0.2597188949584961
}