{
  "namespace": "tcc-ens-fft-prophet-b-cpu-hv",
  "model_name": "Ensemble",
  "dataset_slug": "b-cpu",
  "scaling_mode": "combined",
  "total_cycles": 336,
  "total_duration_seconds": 7566.7,
  "prediction_metrics": {
    "cpu": {
      "MAE": 0.29593560713651607,
      "RMSE": 0.43039521931905805,
      "R2": 0.16312973591622404,
      "BIAS": -0.2039689298139815
    },
    "ram": {
      "MAE": 1.388186468710324,
      "RMSE": 1.7536611318969126,
      "R2": -0.23493178781196433,
      "BIAS": 0.07612907935932996
    }
  },
  "operational_metrics": {
    "sla_cpu_violation_count": 98,
    "sla_cpu_violation_rate": 0.2916666666666667,
    "mtbv_cpu_seconds": 77.2,
    "sla_ram_violation_count": 18,
    "sla_ram_violation_rate": 0.05357142857142857,
    "mtbv_ram_seconds": 420.4,
    "overprovision_cpu_minutes": 17.75,
    "waste_ratio_cpu": 0.2113,
    "overprovision_ram_minutes": 46.5,
    "waste_ratio_ram": 0.5536,
    "oscillation_horizontal_count": 21,
    "oscillation_vertical_count": 1,
    "scale_up_horizontal_count": 16,
    "scale_down_horizontal_count": 16,
    "scale_up_vertical_count": 5,
    "scale_down_vertical_count": 9,
    "pod_restart_count": 19,
    "avg_replicas": 1.42,
    "avg_memory_mb": 5205.33,
    "refit_skip_count": 6,
    "avg_fit_time_cpu_seconds": 0.26462329606547724,
    "max_fit_time_cpu_seconds": 3.8074995360002504,
    "avg_predict_time_cpu_seconds": 0.03053891218152536,
    "max_predict_time_cpu_seconds": 1.0934948280000754,
    "avg_fit_time_ram_seconds": 0.2714420867559357,
    "max_fit_time_ram_seconds": 2.3798661959999663,
    "avg_predict_time_ram_seconds": 0.04405442895832883,
    "max_predict_time_ram_seconds": 1.053773253000145
  }
}