{
    "dataset": "cegedim_application_A_RAM_exp1",
    "target_col": "Total_Usage",
    "model_type": "Ensemble",
    "best_params": {
        "backward_window": 38,
        "forward_window": 36
    },
    "metrics": {
        "validation": {
            "MAE": 16.16441155688954,
            "RMSE": 33.16540677138242,
            "SMAPE": 7.596562100983865,
            "MASE": 0.5812103468564347,
            "RMSSE": 0.7032152195542895,
            "R2": 0.07496702009704759,
            "NMAE": 0.06666619945004691,
            "NRMSE": 0.1367826855237763,
            "STD_ERRORS": 33.06566971077024
        },
        "test": {
            "MAE": 14.54613553268172,
            "RMSE": 27.13852034945476,
            "SMAPE": 6.926155371326431,
            "MASE": 0.5086184055275952,
            "RMSSE": 0.569749762073974,
            "R2": 0.38611786611418697,
            "NMAE": 0.05933067259386579,
            "NRMSE": 0.11069240087292233,
            "STD_ERRORS": 27.073647006499506,
            "FIT_TIME_TOTAL": 118.12423491477966,
            "PREDICT_TIME_TOTAL": 118.12423491477966,
            "FIT_TIME_AVG": 0.5273403344409806,
            "PREDICT_TIME_AVG": 0.5273403344409806
        }
    }
}