{
    "FIT_TIME_TOTAL": 118.12423491477966,
    "PREDICT_TIME_TOTAL": 118.12423491477966,
    "FIT_TIME_AVG": 0.5273403344409806,
    "PREDICT_TIME_AVG": 0.5273403344409806
}