{
    "FIT_TIME_TOTAL": 1.2933380603790283,
    "PREDICT_TIME_TOTAL": 0.27177929878234863,
    "FIT_TIME_AVG": 1.2933380603790283,
    "PREDICT_TIME_AVG": 0.27177929878234863
}