{
    "dataset": "cegedim_application_A_RAM_exp1",
    "target_col": "Total_Usage",
    "model_type": "FFT",
    "best_params": {
        "trend": null
    },
    "metrics": {
        "validation": {
            "MAE": 74.9320180129737,
            "RMSE": 82.41120696877456,
            "SMAPE": 36.87907605470549,
            "MASE": 2.694268456769822,
            "RMSSE": 1.7473874329889656,
            "R2": -4.711617422947283,
            "NMAE": 0.3090389551432991,
            "NRMSE": 0.3398850580711532,
            "STD_ERRORS": 45.29488835393439
        },
        "test": {
            "MAE": 70.48029625797099,
            "RMSE": 77.39031082669146,
            "SMAPE": 33.94755034387511,
            "MASE": 2.4644054651698197,
            "RMSSE": 1.624742639339371,
            "R2": -3.9921295296929875,
            "NMAE": 0.28747452353961495,
            "NRMSE": 0.3156590410751816,
            "STD_ERRORS": 41.04680631157408,
            "FIT_TIME_TOTAL": 0.032089948654174805,
            "PREDICT_TIME_TOTAL": 0.0030808448791503906,
            "FIT_TIME_AVG": 0.032089948654174805,
            "PREDICT_TIME_AVG": 0.0030808448791503906
        }
    }
}