{
    "FIT_TIME_TOTAL": 0.032089948654174805,
    "PREDICT_TIME_TOTAL": 0.0030808448791503906,
    "FIT_TIME_AVG": 0.032089948654174805,
    "PREDICT_TIME_AVG": 0.0030808448791503906
}