{
    "FIT_TIME_TOTAL": 0.46826958656311035,
    "PREDICT_TIME_TOTAL": 0.23895621299743652,
    "FIT_TIME_AVG": 0.46826958656311035,
    "PREDICT_TIME_AVG": 0.23895621299743652
}