{
    "FIT_TIME_TOTAL": 36.35690259933472,
    "PREDICT_TIME_TOTAL": 36.35690259933472,
    "FIT_TIME_AVG": 0.16230760088988713,
    "PREDICT_TIME_AVG": 0.16230760088988713
}