{
    "FIT_TIME_TOTAL": 8.637089014053345,
    "PREDICT_TIME_TOTAL": 8.637089014053345,
    "FIT_TIME_AVG": 0.03855843309845243,
    "PREDICT_TIME_AVG": 0.03855843309845243
}