{
    "dataset": "cegedim_application_A_CPU_exp1",
    "target_col": "Total_Usage",
    "model_type": "Ensemble",
    "best_params": {
        "backward_window": 17,
        "forward_window": 24
    },
    "metrics": {
        "validation": {
            "MAE": 2.741585386783222,
            "RMSE": 3.3198734391390397,
            "SMAPE": 68.32323331900349,
            "MASE": 1.0539343357088242,
            "RMSSE": 0.6923842040726083,
            "R2": 0.7790763580669255,
            "NMAE": 0.4034668343865266,
            "NRMSE": 0.4885708953332887,
            "STD_ERRORS": 3.317127801205332
        },
        "test": {
            "MAE": 3.4194515021304803,
            "RMSE": 4.686686885830952,
            "SMAPE": 75.14986572673259,
            "MASE": 1.2515578329954848,
            "RMSSE": 0.9447335150672158,
            "R2": 0.604014290514072,
            "NMAE": 0.49658631136713827,
            "NRMSE": 0.680619260637996,
            "STD_ERRORS": 4.570900970246743,
            "FIT_TIME_TOTAL": 56.54140841960907,
            "PREDICT_TIME_TOTAL": 56.54140841960907,
            "FIT_TIME_AVG": 0.18973626986445996,
            "PREDICT_TIME_AVG": 0.18973626986445996
        }
    }
}