{
    "FIT_TIME_TOTAL": 56.54140841960907,
    "PREDICT_TIME_TOTAL": 56.54140841960907,
    "FIT_TIME_AVG": 0.18973626986445996,
    "PREDICT_TIME_AVG": 0.18973626986445996
}