{
    "FIT_TIME_TOTAL": 0.8656857013702393,
    "PREDICT_TIME_TOTAL": 0.19147825241088867,
    "FIT_TIME_AVG": 0.8656857013702393,
    "PREDICT_TIME_AVG": 0.19147825241088867
}