{
    "dataset": "cegedim_application_A_RAM_exp1",
    "target_col": "Total_Usage",
    "model_type": "Ensemble",
    "best_params": {
        "backward_window": 39,
        "forward_window": 36
    },
    "metrics": {
        "validation": {
            "MAE": 15.535947027363823,
            "RMSE": 32.82147551551884,
            "SMAPE": 7.330625299022167,
            "MASE": 0.5586131687341712,
            "RMSSE": 0.6959227507698456,
            "R2": 0.09405305946625497,
            "NMAE": 0.06407424975084589,
            "NRMSE": 0.1353642243803062,
            "STD_ERRORS": 32.66226832876646
        },
        "test": {
            "MAE": 17.281959806874912,
            "RMSE": 31.82352661583337,
            "SMAPE": 8.295453685446178,
            "MASE": 0.6042789042915097,
            "RMSSE": 0.6681074164785893,
            "R2": 0.1558701176900611,
            "NMAE": 0.07048953289197149,
            "NRMSE": 0.12980157060849906,
            "STD_ERRORS": 31.80619121207096,
            "FIT_TIME_TOTAL": 119.08193874359131,
            "PREDICT_TIME_TOTAL": 119.08193874359131,
            "FIT_TIME_AVG": 0.39960382128721916,
            "PREDICT_TIME_AVG": 0.39960382128721916
        }
    }
}