{
    "FIT_TIME_TOTAL": 119.08193874359131,
    "PREDICT_TIME_TOTAL": 119.08193874359131,
    "FIT_TIME_AVG": 0.39960382128721916,
    "PREDICT_TIME_AVG": 0.39960382128721916
}