{
    "dataset": "cegedim_application_A_CPU_exp1",
    "target_col": "Total_Usage",
    "model_type": "FFT",
    "best_params": {
        "trend": null
    },
    "metrics": {
        "validation": {
            "MAE": 5.829110604075023,
            "RMSE": 7.204588026409366,
            "SMAPE": 99.76052340906702,
            "MASE": 2.240856637876747,
            "RMSSE": 1.5025702147338922,
            "R2": -0.040440963065052626,
            "NMAE": 0.8578440832275435,
            "NRMSE": 1.0602669309837194,
            "STD_ERRORS": 7.1609270687121525
        },
        "test": {
            "MAE": 4.630175462920482,
            "RMSE": 6.081725208646435,
            "SMAPE": 93.4372746103473,
            "MASE": 1.694696463789911,
            "RMSSE": 1.2259427126245375,
            "R2": 0.3331913561601635,
            "NMAE": 0.6724124476342923,
            "NRMSE": 0.8832122596938737,
            "STD_ERRORS": 6.020299573867264,
            "FIT_TIME_TOTAL": 0.05503702163696289,
            "PREDICT_TIME_TOTAL": 0.00296783447265625,
            "FIT_TIME_AVG": 0.05503702163696289,
            "PREDICT_TIME_AVG": 0.00296783447265625
        }
    }
}