{
    "FIT_TIME_TOTAL": 0.05503702163696289,
    "PREDICT_TIME_TOTAL": 0.00296783447265625,
    "FIT_TIME_AVG": 0.05503702163696289,
    "PREDICT_TIME_AVG": 0.00296783447265625
}