{
    "dataset": "cegedim_application_B_CPU_exp1",
    "target_col": "Total_Usage",
    "model_type": "FFT",
    "best_params": {
        "trend": null
    },
    "metrics": {
        "validation": {
            "MAE": 2.493774648721719,
            "RMSE": 3.208834741721126,
            "SMAPE": 85.76579587348907,
            "MASE": 2.986524874959153,
            "RMSSE": 1.6227369887614358,
            "R2": -0.10118790105535092,
            "NMAE": 0.8450186245730408,
            "NRMSE": 1.0873176216308365,
            "STD_ERRORS": 3.1755606278256256
        },
        "test": {
            "MAE": 1.616224963377476,
            "RMSE": 2.1859922583230014,
            "SMAPE": 72.0979176335154,
            "MASE": 1.8365977872994588,
            "RMSSE": 1.0674697601349297,
            "R2": 0.11773357091920089,
            "NMAE": 0.7251038016575063,
            "NRMSE": 0.9807244243966586,
            "STD_ERRORS": 2.165280022597524,
            "FIT_TIME_TOTAL": 0.05428147315979004,
            "PREDICT_TIME_TOTAL": 0.0027687549591064453,
            "FIT_TIME_AVG": 0.05428147315979004,
            "PREDICT_TIME_AVG": 0.0027687549591064453
        }
    }
}