{
    "FIT_TIME_TOTAL": 0.05428147315979004,
    "PREDICT_TIME_TOTAL": 0.0027687549591064453,
    "FIT_TIME_AVG": 0.05428147315979004,
    "PREDICT_TIME_AVG": 0.0027687549591064453
}