{
    "dataset": "cegedim_application_C_RAM_exp1",
    "target_col": "Total_Usage",
    "model_type": "Ensemble",
    "best_params": {
        "backward_window": 17,
        "forward_window": 36
    },
    "metrics": {
        "validation": {
            "MAE": 0.20489805067920477,
            "RMSE": 0.27913598968296477,
            "SMAPE": 4.320369638094966,
            "MASE": 0.6676670306127301,
            "RMSSE": 0.423191275384049,
            "R2": 0.7900949085652402,
            "NMAE": 0.04239048255844651,
            "NRMSE": 0.05774925267891449,
            "STD_ERRORS": 0.2784282391772923
        },
        "test": {
            "MAE": 0.2799028556443193,
            "RMSE": 0.3940741576761541,
            "SMAPE": 5.434894979153786,
            "MASE": 0.93732531238866,
            "RMSSE": 0.6395955130919789,
            "R2": 0.6119938498296589,
            "NMAE": 0.05337450902999866,
            "NRMSE": 0.07514576669450954,
            "STD_ERRORS": 0.381763470125603,
            "FIT_TIME_TOTAL": 238.7580236196518,
            "PREDICT_TIME_TOTAL": 238.7580236196518,
            "FIT_TIME_AVG": 0.8012014215424557,
            "PREDICT_TIME_AVG": 0.8012014215424557
        }
    }
}