{
    "FIT_TIME_TOTAL": 238.7580236196518,
    "PREDICT_TIME_TOTAL": 238.7580236196518,
    "FIT_TIME_AVG": 0.8012014215424557,
    "PREDICT_TIME_AVG": 0.8012014215424557
}