{
    "dataset": "cegedim_application_C_RAM_exp1",
    "target_col": "Total_Usage",
    "model_type": "FFT",
    "best_params": {
        "trend": null
    },
    "metrics": {
        "validation": {
            "MAE": 1.4805233863205347,
            "RMSE": 1.847323751011445,
            "SMAPE": 38.36100500978571,
            "MASE": 4.82433410088883,
            "RMSSE": 2.800682545900634,
            "R2": -8.193424871927924,
            "NMAE": 0.30629915988538176,
            "NRMSE": 0.3821849206835928,
            "STD_ERRORS": 1.5130822182673973
        },
        "test": {
            "MAE": 1.4932818287359697,
            "RMSE": 1.7072039540239488,
            "SMAPE": 34.52907702925479,
            "MASE": 5.000630855952681,
            "RMSSE": 2.7708490081299137,
            "R2": -6.282047601874438,
            "NMAE": 0.2847530235757297,
            "NRMSE": 0.3255457063856861,
            "STD_ERRORS": 0.9395686196999858,
            "FIT_TIME_TOTAL": 0.028255939483642578,
            "PREDICT_TIME_TOTAL": 0.0029745101928710938,
            "FIT_TIME_AVG": 0.028255939483642578,
            "PREDICT_TIME_AVG": 0.0029745101928710938
        }
    }
}