{
    "FIT_TIME_TOTAL": 0.028255939483642578,
    "PREDICT_TIME_TOTAL": 0.0029745101928710938,
    "FIT_TIME_AVG": 0.028255939483642578,
    "PREDICT_TIME_AVG": 0.0029745101928710938
}