{
    "dataset": "cegedim_application_C_CPU_exp1",
    "target_col": "Total_Usage",
    "model_type": "FFT",
    "best_params": {
        "trend": null
    },
    "metrics": {
        "validation": {
            "MAE": 0.010778260239665695,
            "RMSE": 0.01543130871495768,
            "SMAPE": 15.41564290353334,
            "MASE": 1.1013108853687614,
            "RMSSE": 0.9976094962577852,
            "R2": 0.18902056587152083,
            "NMAE": 0.16193457004732179,
            "NRMSE": 0.23184282866245468,
            "STD_ERRORS": 0.015253168856768345
        },
        "test": {
            "MAE": 0.01846365828825046,
            "RMSE": 0.024743182730074063,
            "SMAPE": 24.128840393169256,
            "MASE": 1.8962084939294075,
            "RMSSE": 1.6358553806660228,
            "R2": -1.083267723512416,
            "NMAE": 0.22773326380150485,
            "NRMSE": 0.30518576936308384,
            "STD_ERRORS": 0.018164829600024558,
            "FIT_TIME_TOTAL": 0.0550534725189209,
            "PREDICT_TIME_TOTAL": 0.0029854774475097656,
            "FIT_TIME_AVG": 0.0550534725189209,
            "PREDICT_TIME_AVG": 0.0029854774475097656
        }
    }
}