{
    "FIT_TIME_TOTAL": 0.0550534725189209,
    "PREDICT_TIME_TOTAL": 0.0029854774475097656,
    "FIT_TIME_AVG": 0.0550534725189209,
    "PREDICT_TIME_AVG": 0.0029854774475097656
}