{
    "FIT_TIME_TOTAL": 0.9949584007263184,
    "PREDICT_TIME_TOTAL": 0.04190373420715332,
    "FIT_TIME_AVG": 0.9949584007263184,
    "PREDICT_TIME_AVG": 0.04190373420715332
}