{
    "dataset": "cegedim_application_C_CPU_exp1",
    "target_col": "Total_Usage",
    "model_type": "Ensemble",
    "best_params": {
        "backward_window": 38,
        "forward_window": 24
    },
    "metrics": {
        "validation": {
            "MAE": 0.008726334445873384,
            "RMSE": 0.013089336606115595,
            "SMAPE": 12.295433817287488,
            "MASE": 0.8916473439044388,
            "RMSSE": 0.8462047347493157,
            "R2": 0.41650170164865685,
            "NMAE": 0.13110605841388276,
            "NRMSE": 0.19665660768845403,
            "STD_ERRORS": 0.013067207911285444
        },
        "test": {
            "MAE": 0.011952002358321877,
            "RMSE": 0.01614016700596484,
            "SMAPE": 14.433444273439699,
            "MASE": 1.2274646788570822,
            "RMSSE": 1.0670809543617983,
            "R2": 0.11355864541117522,
            "NMAE": 0.14741761700366895,
            "NRMSE": 0.19907500741111395,
            "STD_ERRORS": 0.016077513302501817,
            "FIT_TIME_TOTAL": 52.473222613334656,
            "PREDICT_TIME_TOTAL": 52.473222613334656,
            "FIT_TIME_AVG": 0.234255458095244,
            "PREDICT_TIME_AVG": 0.234255458095244
        }
    }
}