{
    "FIT_TIME_TOTAL": 52.473222613334656,
    "PREDICT_TIME_TOTAL": 52.473222613334656,
    "FIT_TIME_AVG": 0.234255458095244,
    "PREDICT_TIME_AVG": 0.234255458095244
}