{
    "dataset": "cegedim_application_C_RAM_exp1",
    "target_col": "Total_Usage",
    "model_type": "Ensemble",
    "best_params": {
        "backward_window": 31,
        "forward_window": 36
    },
    "metrics": {
        "validation": {
            "MAE": 0.21430289630752283,
            "RMSE": 0.29717000739153826,
            "SMAPE": 4.510814311664956,
            "MASE": 0.6983130291140107,
            "RMSSE": 0.4505322103994792,
            "R2": 0.7620962687205916,
            "NMAE": 0.04433621090115426,
            "NRMSE": 0.06148023357697526,
            "STD_ERRORS": 0.29655602056166763
        },
        "test": {
            "MAE": 0.2990005809248426,
            "RMSE": 0.4275773394827168,
            "SMAPE": 5.8455247216039865,
            "MASE": 1.0012788625347375,
            "RMSSE": 0.693972295584253,
            "R2": 0.5432147634453214,
            "NMAE": 0.05701624290259986,
            "NRMSE": 0.08153446850232676,
            "STD_ERRORS": 0.4103931901098942,
            "FIT_TIME_TOTAL": 228.37399315834045,
            "PREDICT_TIME_TOTAL": 228.37399315834045,
            "FIT_TIME_AVG": 1.0195267551711626,
            "PREDICT_TIME_AVG": 1.0195267551711626
        }
    }
}