{
    "FIT_TIME_TOTAL": 228.37399315834045,
    "PREDICT_TIME_TOTAL": 228.37399315834045,
    "FIT_TIME_AVG": 1.0195267551711626,
    "PREDICT_TIME_AVG": 1.0195267551711626
}