{
    "dataset": "cegedim_application_B_CPU_exp1",
    "target_col": "Total_Usage",
    "model_type": "Ensemble",
    "best_params": {
        "backward_window": 6,
        "forward_window": 24
    },
    "metrics": {
        "validation": {
            "MAE": 1.2541486584124402,
            "RMSE": 1.6512741206163148,
            "SMAPE": 51.67777698468371,
            "MASE": 1.501958553939638,
            "RMSSE": 0.8350643799971312,
            "R2": 0.7083882104800816,
            "NMAE": 0.4249698243123272,
            "NRMSE": 0.5595362784329772,
            "STD_ERRORS": 1.648022964282076
        },
        "test": {
            "MAE": 1.1486793982983412,
            "RMSE": 1.7223679910037233,
            "SMAPE": 54.803299429820584,
            "MASE": 1.3053022252685544,
            "RMSSE": 0.8410714810267905,
            "R2": 0.4522852876247029,
            "NMAE": 0.5153439759099019,
            "NRMSE": 0.7727238512144653,
            "STD_ERRORS": 1.7108404707405633,
            "FIT_TIME_TOTAL": 41.71657156944275,
            "PREDICT_TIME_TOTAL": 41.71657156944275,
            "FIT_TIME_AVG": 0.18623469450644084,
            "PREDICT_TIME_AVG": 0.18623469450644084
        }
    }
}