{
    "FIT_TIME_TOTAL": 41.71657156944275,
    "PREDICT_TIME_TOTAL": 41.71657156944275,
    "FIT_TIME_AVG": 0.18623469450644084,
    "PREDICT_TIME_AVG": 0.18623469450644084
}