{
    "dataset": "cegedim_application_B_CPU_exp1",
    "target_col": "Total_Usage",
    "model_type": "Ensemble",
    "best_params": {
        "backward_window": 18,
        "forward_window": 24
    },
    "metrics": {
        "validation": {
            "MAE": 1.3939951468573748,
            "RMSE": 1.7129572671321989,
            "SMAPE": 64.50622952392276,
            "MASE": 1.6694376068807568,
            "RMSSE": 0.8662581096501666,
            "R2": 0.6861950523934391,
            "NMAE": 0.4723569799150527,
            "NRMSE": 0.5804376889332834,
            "STD_ERRORS": 1.710805206474962
        },
        "test": {
            "MAE": 1.076746127774269,
            "RMSE": 1.5490437660200786,
            "SMAPE": 54.731408640877454,
            "MASE": 1.2235608288223287,
            "RMSSE": 0.7564333181218579,
            "R2": 0.5569733091493967,
            "NMAE": 0.483071805200656,
            "NRMSE": 0.6949636029181215,
            "STD_ERRORS": 1.5375475662735196,
            "FIT_TIME_TOTAL": 51.05827760696411,
            "PREDICT_TIME_TOTAL": 51.05827760696411,
            "FIT_TIME_AVG": 0.17133650203679232,
            "PREDICT_TIME_AVG": 0.17133650203679232
        }
    }
}