{
    "FIT_TIME_TOTAL": 51.05827760696411,
    "PREDICT_TIME_TOTAL": 51.05827760696411,
    "FIT_TIME_AVG": 0.17133650203679232,
    "PREDICT_TIME_AVG": 0.17133650203679232
}