{
    "dataset": "cegedim_application_C_CPU_exp1",
    "target_col": "Total_Usage",
    "model_type": "Ensemble",
    "best_params": {
        "backward_window": 28,
        "forward_window": 24
    },
    "metrics": {
        "validation": {
            "MAE": 0.007410218130685648,
            "RMSE": 0.01016443069519647,
            "SMAPE": 11.171982441276649,
            "MASE": 0.7571680130943085,
            "RMSSE": 0.6571142326867725,
            "R2": 0.6481395615423018,
            "NMAE": 0.11133248411773995,
            "NRMSE": 0.15271228174144486,
            "STD_ERRORS": 0.01016384749462101
        },
        "test": {
            "MAE": 0.010599676857596007,
            "RMSE": 0.016036911067099802,
            "SMAPE": 13.207356832762063,
            "MASE": 1.0885815246630106,
            "RMSSE": 1.0602543554953239,
            "R2": 0.12486429718499759,
            "NMAE": 0.13073785099011107,
            "NRMSE": 0.19780143466634606,
            "STD_ERRORS": 0.015613279868701084,
            "FIT_TIME_TOTAL": 76.38845407962799,
            "PREDICT_TIME_TOTAL": 76.38845407962799,
            "FIT_TIME_AVG": 0.34101988428405355,
            "PREDICT_TIME_AVG": 0.34101988428405355
        }
    }
}