{
    "FIT_TIME_TOTAL": 76.38845407962799,
    "PREDICT_TIME_TOTAL": 76.38845407962799,
    "FIT_TIME_AVG": 0.34101988428405355,
    "PREDICT_TIME_AVG": 0.34101988428405355
}