{
    "FIT_TIME_TOTAL": 0.15140342712402344,
    "PREDICT_TIME_TOTAL": 0.04190373420715332,
    "FIT_TIME_AVG": 0.15140342712402344,
    "PREDICT_TIME_AVG": 0.04190373420715332
}