{
  "namespace": "tcc-prophet-b-cpu-hv",
  "model_name": "Prophet",
  "dataset_slug": "b-cpu",
  "scaling_mode": "combined",
  "total_cycles": 337,
  "total_duration_seconds": 7571.6,
  "prediction_metrics": {
    "cpu": {
      "MAE": 0.4191316677314145,
      "RMSE": 0.558324840398337,
      "R2": 0.005185439098834066,
      "BIAS": -0.026753131550760357
    },
    "ram": {
      "MAE": 1.288565427778464,
      "RMSE": 1.6897236933507644,
      "R2": 0.07009462010175638,
      "BIAS": -0.05442305626363736
    }
  },
  "operational_metrics": {
    "sla_cpu_violation_count": 98,
    "sla_cpu_violation_rate": 0.29080118694362017,
    "mtbv_cpu_seconds": 77.3,
    "sla_ram_violation_count": 19,
    "sla_ram_violation_rate": 0.05637982195845697,
    "mtbv_ram_seconds": 398.5,
    "overprovision_cpu_minutes": 41.25,
    "waste_ratio_cpu": 0.4896,
    "overprovision_ram_minutes": 17.25,
    "waste_ratio_ram": 0.2047,
    "oscillation_horizontal_count": 21,
    "oscillation_vertical_count": 2,
    "scale_up_horizontal_count": 14,
    "scale_down_horizontal_count": 16,
    "scale_up_vertical_count": 7,
    "scale_down_vertical_count": 7,
    "pod_restart_count": 26,
    "avg_replicas": 1.95,
    "avg_memory_mb": 3792.1,
    "refit_skip_count": 2,
    "avg_fit_time_cpu_seconds": 0.1774270374836678,
    "max_fit_time_cpu_seconds": 1.9514560419993359,
    "avg_predict_time_cpu_seconds": 0.0972344999822079,
    "max_predict_time_cpu_seconds": 1.704275883000264,
    "avg_fit_time_ram_seconds": 0.16316411309793347,
    "max_fit_time_ram_seconds": 2.6596004200000607,
    "avg_predict_time_ram_seconds": 0.07720392399106575,
    "max_predict_time_ram_seconds": 1.7232025190005515
  }
}