{
    "FIT_TIME_TOTAL": 1.7943458557128906,
    "PREDICT_TIME_TOTAL": 0.33057475090026855,
    "FIT_TIME_AVG": 1.7943458557128906,
    "PREDICT_TIME_AVG": 0.33057475090026855
}