{
    "dataset": "cegedim_application_C_CPU_exp1",
    "target_col": "Total_Usage",
    "model_type": "Ensemble",
    "best_params": {
        "backward_window": 27,
        "forward_window": 24
    },
    "metrics": {
        "validation": {
            "MAE": 0.007360348160893782,
            "RMSE": 0.010011688504847587,
            "SMAPE": 11.084186534189405,
            "MASE": 0.752072353928215,
            "RMSSE": 0.6472396936968577,
            "R2": 0.658635009286869,
            "NMAE": 0.11058322849234699,
            "NRMSE": 0.15041745489812863,
            "STD_ERRORS": 0.010007647661946563
        },
        "test": {
            "MAE": 0.00913954408293202,
            "RMSE": 0.012822155833631157,
            "SMAPE": 10.891628608384995,
            "MASE": 0.9386266172249508,
            "RMSSE": 0.8477160291383815,
            "R2": 0.44055671942319385,
            "NMAE": 0.11272837544812812,
            "NRMSE": 0.1581502079044932,
            "STD_ERRORS": 0.012741488879211458,
            "FIT_TIME_TOTAL": 96.10469484329224,
            "PREDICT_TIME_TOTAL": 96.10469484329224,
            "FIT_TIME_AVG": 0.4290388162646975,
            "PREDICT_TIME_AVG": 0.4290388162646975
        }
    }
}