{
    "FIT_TIME_TOTAL": 96.10469484329224,
    "PREDICT_TIME_TOTAL": 96.10469484329224,
    "FIT_TIME_AVG": 0.4290388162646975,
    "PREDICT_TIME_AVG": 0.4290388162646975
}