{
    "FIT_TIME_TOTAL": 0.48298001289367676,
    "PREDICT_TIME_TOTAL": 0.22532987594604492,
    "FIT_TIME_AVG": 0.48298001289367676,
    "PREDICT_TIME_AVG": 0.22532987594604492
}