{
  "namespace": "tcc-ens-expsm-prophet-b-cpu-hv",
  "model_name": "Ensemble",
  "dataset_slug": "b-cpu",
  "scaling_mode": "combined",
  "total_cycles": 336,
  "total_duration_seconds": 7572.4,
  "prediction_metrics": {
    "cpu": {
      "MAE": 0.195058396655496,
      "RMSE": 0.2945402969522349,
      "R2": 0.6317910212820252,
      "BIAS": 0.01103912378893778
    },
    "ram": {
      "MAE": 0.7085816956039521,
      "RMSE": 1.062093953931105,
      "R2": 0.5517779796721096,
      "BIAS": 0.15400789484737343
    }
  },
  "operational_metrics": {
    "sla_cpu_violation_count": 57,
    "sla_cpu_violation_rate": 0.16964285714285715,
    "mtbv_cpu_seconds": 132.8,
    "sla_ram_violation_count": 13,
    "sla_ram_violation_rate": 0.03869047619047619,
    "mtbv_ram_seconds": 582.5,
    "overprovision_cpu_minutes": 51.25,
    "waste_ratio_cpu": 0.6101,
    "overprovision_ram_minutes": 19.25,
    "waste_ratio_ram": 0.2292,
    "oscillation_horizontal_count": 27,
    "oscillation_vertical_count": 3,
    "scale_up_horizontal_count": 23,
    "scale_down_horizontal_count": 22,
    "scale_up_vertical_count": 7,
    "scale_down_vertical_count": 9,
    "pod_restart_count": 34,
    "avg_replicas": 2.3,
    "avg_memory_mb": 4080.76,
    "refit_skip_count": 106,
    "avg_fit_time_cpu_seconds": 0.5432923834315082,
    "max_fit_time_cpu_seconds": 6.69882417000008,
    "avg_predict_time_cpu_seconds": 0.034756011264862864,
    "max_predict_time_cpu_seconds": 0.49077238399968337,
    "avg_fit_time_ram_seconds": 0.49134082368750787,
    "max_fit_time_ram_seconds": 8.853083068999695,
    "avg_predict_time_ram_seconds": 0.042375847104136166,
    "max_predict_time_ram_seconds": 1.755884961999982
  }
}