{
    "FIT_TIME_TOTAL": 0.6361980438232422,
    "PREDICT_TIME_TOTAL": 0.011220932006835938,
    "FIT_TIME_AVG": 0.6361980438232422,
    "PREDICT_TIME_AVG": 0.011220932006835938
}