{
    "dataset": "cegedim_application_A_RAM_exp1",
    "target_col": "Total_Usage",
    "model_type": "Ensemble",
    "best_params": {
        "backward_window": 41,
        "forward_window": 36
    },
    "metrics": {
        "validation": {
            "MAE": 15.859014410535687,
            "RMSE": 26.341370757699554,
            "SMAPE": 7.491921227242537,
            "MASE": 0.5702294348240611,
            "RMSSE": 0.5585233116067255,
            "R2": 0.4164698469246598,
            "NMAE": 0.06540666290591435,
            "NRMSE": 0.10863860218728233,
            "STD_ERRORS": 26.29460070624745
        },
        "test": {
            "MAE": 19.019944765169196,
            "RMSE": 32.0357179738065,
            "SMAPE": 9.00205867997535,
            "MASE": 0.6650490749208503,
            "RMSSE": 0.6725621905105779,
            "R2": 0.14457569251719815,
            "NMAE": 0.07757841339235902,
            "NRMSE": 0.1306670551874696,
            "STD_ERRORS": 31.83663209423589,
            "FIT_TIME_TOTAL": 127.06795930862427,
            "PREDICT_TIME_TOTAL": 127.06795930862427,
            "FIT_TIME_AVG": 0.5672676754849297,
            "PREDICT_TIME_AVG": 0.5672676754849297
        }
    }
}