{
    "FIT_TIME_TOTAL": 127.06795930862427,
    "PREDICT_TIME_TOTAL": 127.06795930862427,
    "FIT_TIME_AVG": 0.5672676754849297,
    "PREDICT_TIME_AVG": 0.5672676754849297
}