{
    "FIT_TIME_TOTAL": 107.40231585502625,
    "PREDICT_TIME_TOTAL": 107.40231585502625,
    "FIT_TIME_AVG": 0.47947462435279575,
    "PREDICT_TIME_AVG": 0.47947462435279575
}