{
    "dataset": "cegedim_application_A_RAM_exp1",
    "target_col": "Total_Usage",
    "model_type": "Ensemble",
    "best_params": {
        "backward_window": 38,
        "forward_window": 36
    },
    "metrics": {
        "validation": {
            "MAE": 20.61609156708682,
            "RMSE": 38.77424703754186,
            "SMAPE": 9.526529437289003,
            "MASE": 0.7412757147613889,
            "RMSSE": 0.8221409986469679,
            "R2": -0.26436744811954904,
            "NMAE": 0.08502607518094586,
            "NRMSE": 0.15991498839488627,
            "STD_ERRORS": 38.77114288913736
        },
        "test": {
            "MAE": 45.70675576982793,
            "RMSE": 71.13202636024972,
            "SMAPE": 25.168350578107546,
            "MASE": 1.5981768621128218,
            "RMSSE": 1.4933553698850115,
            "R2": -3.2173828242532636,
            "NMAE": 0.1864283854508743,
            "NRMSE": 0.2901327955755787,
            "STD_ERRORS": 60.938652242973404,
            "FIT_TIME_TOTAL": 15.328140258789062,
            "PREDICT_TIME_TOTAL": 15.328140258789062,
            "FIT_TIME_AVG": 0.06842919758387975,
            "PREDICT_TIME_AVG": 0.06842919758387975
        }
    }
}