{
    "FIT_TIME_TOTAL": 15.328140258789062,
    "PREDICT_TIME_TOTAL": 15.328140258789062,
    "FIT_TIME_AVG": 0.06842919758387975,
    "PREDICT_TIME_AVG": 0.06842919758387975
}