{
    "dataset": "cegedim_application_B_RAM_exp1",
    "target_col": "Total_Usage",
    "model_type": "Ensemble",
    "best_params": {
        "backward_window": 12,
        "forward_window": 36
    },
    "metrics": {
        "validation": {
            "MAE": 41.84400221214175,
            "RMSE": 55.786364575379785,
            "SMAPE": 15.328849147907484,
            "MASE": 1.29907666769912,
            "RMSSE": 0.7747449010009917,
            "R2": 0.6492724928041457,
            "NMAE": 0.14751133082032114,
            "NRMSE": 0.19666189764596828,
            "STD_ERRORS": 54.060891617790666
        },
        "test": {
            "MAE": 54.10842498239596,
            "RMSE": 86.47268205004679,
            "SMAPE": 14.826794554134695,
            "MASE": 1.6863132208290124,
            "RMSSE": 1.2160678936487532,
            "R2": 0.20435545482829365,
            "NMAE": 0.1511852038677414,
            "NRMSE": 0.2416146851249154,
            "STD_ERRORS": 77.16194952113571,
            "FIT_TIME_TOTAL": 82.02948987483978,
            "PREDICT_TIME_TOTAL": 82.02948987483978,
            "FIT_TIME_AVG": 0.27526674454644223,
            "PREDICT_TIME_AVG": 0.27526674454644223
        }
    }
}