{
    "FIT_TIME_TOTAL": 82.02948987483978,
    "PREDICT_TIME_TOTAL": 82.02948987483978,
    "FIT_TIME_AVG": 0.27526674454644223,
    "PREDICT_TIME_AVG": 0.27526674454644223
}