{
    "FIT_TIME_TOTAL": 0.24443817138671875,
    "PREDICT_TIME_TOTAL": 0.011359214782714844,
    "FIT_TIME_AVG": 0.24443817138671875,
    "PREDICT_TIME_AVG": 0.011359214782714844
}